Bloco 1 — Inventário de fontes de dados do projeto,,,,,,,,,,,,,,
"Uma linha por fonte. Se a equipe não souber responder vazão, pureza e previsibilidade, ainda não dá para desenhar o pipeline.",,,,,,,,,,,,,,
,,,,,,,,,,,,,,
Linha 6 = exemplo fictício (não apague). Preencha a partir da linha 7.,,,,,,,,,,,,,,
Nº,Nome da fonte,"Tipo
(usuário | sistema | interna | terceiro)",Quem ou o que gera,O que essa fonte contém,"Formato em que chega
(JSON, CSV, formulário, API…)","Volume estimado
(por dia ou por mês)","Frequência de chegada
(tempo real | horária | diária | eventual)","Vazão
(alta | média | baixa)","Pureza
(alta | média | baixa)","Previsibilidade do formato
(alta | média | baixa)","Contém dado pessoal?
(sim | não)","Base legal LGPD
(se contém dado pessoal)","Retenção
(por quanto tempo guardar)",O que quebra se essa fonte falhar
1,"IPCA - Variação mensal, acumulada no ano, acumulada em 12 meses e peso mensal, para o índice geral, grupos, subgrupos, itens e subitens de produtos e serviços (a partir de janeiro/2020) https://sidra.ibge.gov.br/Tabela/7060",Terceiro,IBGE,Poder de compra do consumidor,.xlsx,um por mês,mensal,baixa,média,alta,não,não,5 anos,Análises de inflação e reajustes econômicos ficam desatualizados
2,"Pesquisa nacional da Cesta Básica de Alimentos
Salário mínimo nominal e necessário  https://www.dieese.org.br/analisecestabasica/salarioMinimo.html",terceiro,DIEESE - Departamento Intersindical de Estatística e Estudos Socioeconômicos,Variação do salário mínimo com o tempo e qual deveria ser o valor real ,Site (webscraping necessário),um por mês,mensal,baixa,alta,alta,não,não,5 anos,Não será possível traçar um paralelo entre a variação do preço dos produtos e o salário mínimo da população
3,IPCA — SIDRA tabela 7060 (jan/2020 em diante) — https://apisidra.ibge.gov.br/values/t/7060,terceiro,IBGE — Sistema IBGE de Recuperação Automática (SIDRA),"Variação mensal, acumulada no ano, acumulada em 12 meses e peso mensal do IPCA para o índice geral, 9 grupos, 19 subgrupos, 51 itens e 377 subitens, em 17 localidades (Brasil, 10 regiões metropolitanas e 6 municípios)","JSON pela API do SIDRA (a mesma tabela também é exportável em .xlsx pela interface web, mas o .xlsx exige passo manual)","Medido: 21.620 linhas com valor por mês. 79 meses publicados (jan/2020 a jul/2026) = ~1,71 milhão de linhas; ~10,4 MB de JSON por mês, ~822 MB no período",mensal — o IBGE divulga por volta do dia 10 do mês seguinte,baixa em regime (1 publicação/mês); alta só na carga histórica inicial,"média — 30% das combinações vêm sem valor (""..."", "".."" ou ""-""): subitem não coletado naquela localidade. Todo valor chega como string com PONTO decimal — o .xlsx da interface web usa vírgula, a API não. Armadilha medida: ""-"" sozinho é ausente, mas ""-0.67"" é deflação real; filtrar por prefixo ""-"" apagaria todo mês de deflação sem erro nenhum","alta dentro da tabela, mas o IBGE congela a tabela e abre outra a cada revisão de estrutura da POF — foi assim em 2012 e em 2020",não,"não se aplica — dado estatístico agregado, nenhuma pessoa identificável","permanente — a série histórica é o produto, não há o que descartar","Sem ela nenhuma das 5 perguntas tem resposta para o período recente; é a fonte do ""IPCA do último ano"" da pergunta 5"
4,IPCA — SIDRA tabela 1419 (jan/2012 a dez/2019) — https://apisidra.ibge.gov.br/values/t/1419,terceiro,IBGE — SIDRA,"Mesmas 4 variáveis da 7060, com 464 categorias (estrutura da POF 2008-2009) e as mesmas 17 localidades",JSON pela API do SIDRA,"Medido: 22.784 linhas com valor por mês. 96 meses = ~2,19 milhões de linhas; ~10,5 MB de JSON por mês, ~1,0 GB no período. É a maior das três",nenhuma — série encerrada e congelada em dez/2019,"nula depois da carga inicial: é histórico fechado, nunca mais recebe linha",média — mesma taxa de ausência da 7060,"alta — congelada, o esquema não muda mais",não,não se aplica,permanente,Abre um buraco de 8 anos no meio da série: a pergunta 3 (2006 até hoje) passa a comparar 2006-2011 com 2020-2026 sem o meio
5,IPCA — SIDRA tabela 2938 (jul/2006 a dez/2011) — https://apisidra.ibge.gov.br/values/t/2938,terceiro,IBGE — SIDRA,"ATENÇÃO: só 3 variáveis — variação mensal, acumulada no ano e peso. NÃO tem a variação acumulada em 12 meses. 465 categorias e só 12 localidades (Brasil, 9 regiões metropolitanas, Goiânia e Brasília)",JSON pela API do SIDRA,"Medido: 12.093 linhas com valor por mês. 66 meses = ~798 mil linhas; ~5,6 MB de JSON por mês, ~370 MB no período",nenhuma — série encerrada e congelada em dez/2011,nula depois da carga inicial,"média-baixa — além das ausências, tem erro de digitação na origem: o subitem 1101073 aparece como ""Feijão - carioca (rajado))"", com parêntese duplo, corrigido só a partir de 2012","alta — congelada. Mas o esquema é DIFERENTE do das outras duas (falta a variável 2265), então não dá para ingerir com o mesmo código sem tratar o caso",não,não se aplica,permanente,"É o que dá o ""desde 2006"" da pergunta 3. Sem ela a série começa em 2012 e a pergunta precisa ser reescrita"
6,IPCA número-índice — SIDRA tabela 1737 (dez/1979 em diante) — https://apisidra.ibge.gov.br/values/t/1737,terceiro,IBGE — SIDRA,"Número-índice do IPCA (base dezembro/1993 = 100) e variações acumuladas em 3, 6 e 12 meses e no ano. SÓ o índice geral e SÓ Brasil — não tem quebra por grupo, por subitem nem por praça",JSON pela API do SIDRA,"Medido: a série INTEIRA cabe em UMA requisição — 3.337 valores, 886 KB, 2,5 s. São 560 pontos de número-índice, de dez/1979 a jul/2026","mensal, na mesma divulgação do IPCA",baixa — é a menor fonte do projeto por três ordens de grandeza,"alta — série fechada e coerente, quase sem ausência",alta — formato estável desde 1979,não,não se aplica,permanente,"A pergunta 3 perde o caminho exato. Com número-índice o acumulado é uma divisão — medido: 7657,73 / 2579,28 - 1 = 196,9% entre jul/2006 e jul/2026, ou seja R$ 1,00 de 2006 compra R$ 0,337 hoje. Sem ele vira produto de 241 variações mensais encadeadas, que acumula erro de arredondamento"
7,INPC — SIDRA tabela 7063 (jan/2020 em diante) — https://apisidra.ibge.gov.br/values/t/7063,terceiro,IBGE — SIDRA,"Mesma estrutura da 7060 (4 variáveis, 17 localidades) com 447 categorias. Mede famílias de 1 a 5 salários mínimos: é o índice do bolso do CLIENTE do lojista, não do lojista",JSON pela API do SIDRA,"Medido: 21.052 linhas com valor por mês. 79 meses = ~1,66 milhão de linhas; 4,3 MB por mês no formato compacto","mensal, na mesma divulgação do IPCA",baixa em regime,média — mesma natureza de ausência da 7060,"alta, com a mesma ressalva: nova revisão da POF abre tabela nova em vez de continuar esta",não,não se aplica,permanente,Perde-se o contraste entre a inflação que o lojista paga (IPCA) e a que corrói o poder de compra de quem compra dele (INPC). A pergunta 3 fica só com o lado da oferta
8,Dólar comercial (venda e compra) - cotações diárias e Taxas de Câmbio - todos os boletins diários - v1  (https://olinda.bcb.gov.br/olinda/servico/PTAX/versao/v1/documentacao),terceiro,Banco central,Valores do dólar de compra e venda,JSON,um por dia,4 medições por dia,alta,média,alta,não,não,5 anos,Não será possível estimar como o dólar afeta o preço dos produtos locais
9,Taxa de juros - Selic - BCB/Demab (https://dadosabertos.bcb.gov.br/dataset/11-taxa-de-juros---selic/resource/b73edc07-bbac-430c-a2cb-b1639e605fa8),terceiro,Banco central,Variação da taxa SELIC (taxa básica de juros),JSON,um por dia,diária,média,alta,alta,não,não,5 anos,Os juros atuais não serão levados em conta ao se estimar a alteração do preço dos produtos
10,alphavantage (https://www.alphavantage.co/),terceiro,Mercado de ações,Valores de ações atreladas a commodities agrícolas,JSON,um por dia,tempo real,alta,alta,alta,não,não,5 anos,O valor das commodities não será levado em consideração ao estimar a alteração do preço dos produtos
11,Dados do clima diário - API INMET (https://portal.inmet.gov.br/manual/manual-de-uso-da-api-de-dados),terceiro,Instituto Nacional de Meteorologia (INMET),"Temperatura (mín/máx), precipitação (chuva em mm) e umidade pelas estações meteorológicas",JSON (via API Rest),~10 MB por mês,diária,alta,média,alta,não,não se aplica,permanente,"O clima impacta a colheita de commodities. Sem essa fonte, a análise perde a capacidade de explicar a variação brusca de preços agrícolas."
12,PIB (Contas Nacionais Trimestrais) - IBGE SIDRA (https://sidra.ibge.gov.br/pesquisa/cnt/tabelas),terceiro,Instituto Brasileiro de Geografia e Estatística (IBGE),"Valor do Produto Interno Bruto (PIB) consolidado, variações percentuais trimestrais e acumulado do ano",JSON (via API Rest do SIDRA),< 1 MB por ano,eventual (divulgação trimestral),baixa,alta,alta,não,não se aplica,permanente,"O PIB indica o aquecimento da economia. Sem ele, perde-se o contexto macroeconômico de oferta/demanda que ajuda a explicar a inflação geral."
,,,,,,,,,,,,,,
,,,,,,,,,,,,,,
,,,,,,,,,,,,,,
"Dica do bloco 1: dado emitido pelo sistema mas que descreve a pessoa (cliques, tempo de uso, trajeto) é dado comportamental — conta como dado de usuário para efeito de LGPD.",,,,,,,,,,,,,,