"Bloco 4 — Cargas de trabalho, engines e garantias",,,,,,,,,,,,
"Uma linha por armazenamento do projeto (banco principal, cache, réplica analítica, arquivo…).",,,,,,,,,,,,
,,,,,,,,,,,,
Linha 6 = exemplo fictício (não apague). Preencha a partir da linha 7.,,,,,,,,,,,,
Nº,Armazenamento,O que guarda,"Tipo de carga
(OLTP | OLAP | misto)",SGBD ou serviço escolhido,"Orientação
(linha | coluna)",Latência aceitável,Disponibilidade exigida,"Garantias ACID necessárias
(A, C, I, D — quais)",De qual garantia dá para abrir mão,Quem cobre esse buraco se abrir mão,Volume estimado em 1 ano,Justificativa da escolha
1,Banco principal,"Usuários, bicicletas, empréstimos em andamento",OLTP,PostgreSQL,linha,< 300 ms na retirada,alta — sem ele ninguém pega bicicleta,"A, I e D são obrigatórias","Nenhuma, no momento",—,"~1,5 GB","Domínio com integridade forte, volume moderado e equipe que já domina SQL"
2,Banco principal (OLTP),"Cesta do IPCA (457 categorias), 17 localidades, ~4,7 milhões de observações de IPCA, e o lado transacional: lojistas, produtos e reajustes","misto, com predominância de leitura — mas a escrita que existe (aplicar reajuste) é a que exige garantia",PostgreSQL 16 em Docker Compose,linha,"< 300 ms nas perguntas 1, 4 e 5 (são telas); até 5 s nas perguntas 2 e 3 (são relatórios de planejamento)","média — é ferramenta de planejamento, não caixa de loja. Indisponibilidade de alguns minutos não custa venda ao lojista","A, C e I obrigatórias ao aplicar reajuste: inserir o registro histórico e atualizar o preço do produto têm de entrar juntos ou não entrar. D obrigatória na carga — reingerir 2,2 GB de JSON não é aceitável",Isolamento forte entre as leituras analíticas: as perguntas 2 e 3 podem ler dado de segundos atrás sem prejuízo nenhum,Ninguém precisa cobrir na E1 — READ COMMITTED já basta. Na E2 esse mesmo buraco é o que justifica existir uma réplica analítica separada,"~4,7 milhões de linhas na carga inicial, +~260 mil/ano. Estimativa de 700 MB a 1 GB com índices","Carga de leitura pesada sobre dado que cabe em disco local, com integridade referencial no centro (produto -> subitem do IPCA). PostgreSQL responde as cinco perguntas em SQL puro, tem window function para o produto acumulado da pergunta 3 e a equipe já opera. A opção nula — não ter banco e consultar a API do SIDRA a cada pergunta — foi testada e descartada com número: a API limita 50.000 valores por requisição (2 meses de dado já estouram) e leva de 11 a 17 s por mês; a pergunta 3 precisa de 241 meses"
3,Camada bruta de arquivos (aterrissagem),"A resposta da API do SIDRA exatamente como veio, um arquivo gzip por agregado e mês",nenhuma — não recebe consulta; é escrita uma vez e lida só em reprocessamento,sistema de arquivos local montado no compose (volume); vira armazenamento de objetos compatível com S3 (MinIO) na E2,não se aplica,irrelevante — nenhuma tela depende dela,"baixa — se ela cair, o banco continua respondendo; só o reprocessamento fica bloqueado",Só D (durabilidade). Não há transação: cada arquivo é escrito uma vez e nunca alterado,"A, C e I inteiras — não existe leitura concorrente nem invariante entre arquivos","Ninguém precisa cobrir: a origem é pública e o arquivo é rebaixável a partir da API, ao custo de ~2,2 GB e dezenas de minutos","~2,2 GB de JSON no formato padrão, ou ~950 MB no formato compacto /f/c/h/n; comprimido em gzip cai 18x (medido: 10,4 MB por mês viram 0,6 MB)",Separar a aterrissagem do banco é o que permite reprocessar sem rebaixar tudo e provar de onde veio cada número — auditoria que a E4 vai cobrar como linhagem. Não é banco porque não há consulta: transformar isso em tabela custaria índice e vacuum para nenhuma leitura
4,Módulo Macroeconômico e Climático no Banco Principal,"Histórico unificado das APIs de Dólar, Selic, Commodities, INMET e PIB (Fontes 8 a 12)",OLAP (100% focado em leitura de agregações pesadas e JOINs),PostgreSQL (o mesmo do banco principal),linha,Até 5 a 10 segundos,Média (relatórios de planejamento podem suportar uma leve indisponibilidade),Consistência (C) e Isolamento (I),Durabilidade (D) de tempo real,"A camada de arquivos brutos (JSONs na aterrissagem) garante o backup. Se o banco falhar, basta reprocessar os arquivos da aterrissagem.",~50 a 100 MB com índices,"Reutilizar a mesma ferramenta evita custo de infraestrutura e rede. Como essas tabelas novas são leves, o PostgreSQL aguenta fazer o JOIN analítico temporal com o IPCA em tempo hábil usando SQL puro, sem justificar um banco OLAP externo."
,,,,,,,,,,,,
,,,,,,,,,,,,
,,,,,,,,,,,,
,,,,,,,,,,,,
,,,,,,,,,,,,
,,,,,,,,,,,,
,,,,,,,,,,,,
,,,,,,,,,,,,
"Dica do bloco 4: a pergunta certa não é ""tem ACID?"", e sim ""de que garantia eu posso abrir mão — e quem cobre o buraco?"". Relatório pesado não roda no banco de produção.",,,,,,,,,,,,