Bloco 5 — Pipeline de dados do projeto (movimentação e transformação),,,,,,,,,,,
"Uma linha por etapa, na ordem em que o dado percorre o caminho: fonte → ingestão → armazenamento → transformação → consumo.",,,,,,,,,,,
,,,,,,,,,,,
Linha 6 = exemplo fictício (não apague). Preencha a partir da linha 7.,,,,,,,,,,,
Nº,Etapa,Origem,Destino,"Transformações aplicadas
(limpar, validar, juntar, deduplicar, agregar…)",ETL ou ELT,Lote ou contínuo,Frequência de execução,Custo de um atraso de 1 hora,Ferramenta prevista,Responsável na equipe,Como a equipe sabe que a etapa falhou
1,Carga diária para análise,Banco principal (PostgreSQL),Arquivo Parquet no armazenamento de objetos,Deduplicar empréstimos reenviados; derivar duração; anonimizar a matrícula,ETL,lote,"diária, às 3h",Baixo — o painel é olhado uma vez por dia,Script Python + cron,Beto Lima,"O job registra a contagem de linhas; se cair abaixo de 100, envia alerta no grupo"
2,Carga histórica inicial (backfill jul/2006 a jul/2026),"API do SIDRA — tabelas 2938, 1419 e 7060","Arquivos JSON gzip na camada bruta, depois tabelas do PostgreSQL","paginar mês a mês (a API recusa acima de 50.000 valores por requisição); descartar ""..."", "".."" e ""-""; converter vírgula decimal para numeric; separar código e nome da categoria (vêm colados como ""1101002.Arroz""); unificar as três tabelas numa série só, casando subitem por código e abrindo nova vigência quando o nome muda","ELT — carrega cru primeiro, transforma dentro do banco",lote,"uma vez, e reexecutável de forma idempotente (ON CONFLICT DO NOTHING sobre a chave natural)",nenhum — roda antes de existir usuário,"Script Python + httpx com retry e backoff, orquestrado por Makefile/justfile",,"O script conta as linhas carregadas por tabela de origem e compara com o esperado (798.138 / 2.187.264 / 1.707.980, com tolerância); divergência acima de 1% aborta com código de saída diferente de zero"
3,Atualização mensal do IPCA,API do SIDRA — tabela 7060,PostgreSQL,"buscar só o mês novo; inserir sem tocar no que já existe; se o IBGE republicar um mês já carregado com valor diferente, inserir nova versão em vez de sobrescrever (insert-only)",ELT,lote,"mensal, alguns dias depois da divulgação do IBGE (que sai por volta do dia 10)",baixo — o dado é mensal. Uma hora de atraso não muda nenhuma decisão de reajuste; o custo real aparece em escala de dias,"o mesmo script da carga histórica, com parâmetro de período; agendado por cron",,"Se não entrou linha nova para o mês esperado, o job falha. Uma consulta de sanidade compara o maior mes_referencia carregado com a data de hoje e alerta se a diferença passa de 45 dias"
4,Publicação para consumo (banco -> tela do lojista),"Tabelas observacao, classificacao_versao e produto no PostgreSQL","View materializada de consumo, lida pela API da aplicação",resolver o nome vigente do subitem por vigência; escolher entre a variável 2265 e a derivada da variação mensal conforme fonte_agregado.tem_acum_12m; juntar o produto do lojista ao subitem pela FK; calcular o reajuste sugerido,ELT — a transformação roda em SQL dentro do banco,"lote, disparado após a carga mensal","mensal, logo depois da carga; REFRESH MATERIALIZED VIEW CONCURRENTLY para não travar leitura",baixo enquanto a view antiga responde — o lojista vê o mês anterior. Passa a alto quando o próprio lojista já viu a divulgação do IBGE no noticiário e o painel ainda mostra número velho,"SQL no repositório, disparado pela mesma receita do just que roda a carga",,"Um teste de frescor compara o maior mes_referencia da view com o da tabela de fato; se divergirem, o refresh não rodou. Um teste de completude confere que toda linha da view tem nome de subitem não nulo — nulo aí significa vigência mal resolvida"
5,"Carga diária de contexto externo (Câmbio, Juros, Ações, Clima, PIB)","APIs do BCB, Alphavantage, INMET e SIDRA(PIB)",Camada bruta (JSON em arquivo) ➔ Tabelas PostgreSQL,Baixar os JSONs brutos; Normalizar os schemas diferentes de cada API; Tratar dias sem pregão/feriados no câmbio e ações (propagando o último valor ou salvando nulo); Converter valores para tipos numéricos puros.,"ELT (Baixa os arquivos brutos primeiro, insere e só depois faz as conversões matemáticas em SQL)",Lote,"Diária (no fechamento comercial, ex: 20h00)","Nenhum. As análises macroeconômicas são de médio prazo, o lojista não precisa do dado no minuto exato. O problema é se atrasar dias.","Script Python (requests/httpx) orquestrado via agendador (ex: cron, GitHub Actions ou Apache Airflow)",(Preencher o nome de alguém da sua equipe),"O script monitora o Status HTTP (ex: falhar em 500 ou Rate Limit) e verifica se inseriu 0 linhas num dia útil. Se sim, falha o pipeline e alerta a equipe."
,,,,,,,,,,,
,,,,,,,,,,,
,,,,,,,,,,,
,,,,,,,,,,,
,,,,,,,,,,,
,,,,,,,,,,,
,,,,,,,,,,,
,,,,,,,,,,,
,,,,,,,,,,,
,,,,,,,,,,,
,,,,,,,,,,,
,,,,,,,,,,,
Dica do bloco 5: extrair e carregar são mecânicos; o trabalho de verdade está no T. Cada transformação é uma decisão de negócio disfarçada de código — documente. Comece em lote e só migre para contínuo quando alguém souber dizer quanto custa o atraso.,,,,,,,,,,,